{
  "timestamp_utc": "2025-11-23T00:44:12.042693+00:00",
  "topic_id": 67,
  "prediction_log_return_7d": -0.022976921871304512
}