{
  "timestamp_utc": "2025-11-23T00:45:53.347643+00:00",
  "topic_id": 67,
  "prediction_log_return_7d": 0.00899980403482914
}