{
  "timestamp_utc": "2025-11-22T18:58:56.646316+00:00",
  "topic_id": 67,
  "prediction_log_return_7d": 0.013221357017755508
}