{
  "timestamp_utc": "2025-11-22T03:37:41.263079+00:00",
  "topic_id": 67,
  "prediction_log_return_7d": -0.05800558736157549
}