{
  "timestamp_utc": "2025-11-22T07:45:54.622084+00:00",
  "topic_id": 67,
  "prediction_log_return_7d": -0.002174955792725086
}