{
  "timestamp": "2025-11-27T04:13:03.415460+00:00",
  "topic_id": 67,
  "prediction_log_return_7d": -0.019040167653005993
}