{
  "log10_loss": -2.14554987496198,
  "source": "test",
  "mae": 0.007152372505515814,
  "mse": 6.317625229712576e-05,
  "n": 3
}