{
  "log10_loss": -1.301598558205495,
  "source": "test",
  "mae": 0.04993458464741707,
  "mse": 0.0029625047463923693,
  "n": 3
}