{
  "train_mae": 0.002728425745823236,
  "val_mae": 0.005331425103930845,
  "train_mse": 1.4217709894161826e-05,
  "val_mse": 5.221024113083825e-05,
  "val_log10_loss": -2.2731566873998514
}