{
  "mae": 0.4424276569543257,
  "mse": 0.49441818491371015,
  "r2": 0.9593802183413541,
  "timestamp": "2025-11-21T04:24:17.715633+00:00"
}