{
  "log10_loss": -1.1295856470325978,
  "source": "test",
  "mae": 0.0742017850279808,
  "mse": 0.006710706744343042,
  "n": 3
}