{
  "train_mae": 0.003405094645503209,
  "train_mse": 1.9611011365007618e-05,
  "train_log10_loss": -4.707500008631248,
  "val_mae": 0.0827752779003565,
  "val_mse": 0.006980528571484926,
  "val_log10_loss": -2.1561116909888876,
  "test_prediction": 0.027870968658477987
}