{
  "log10_loss": -5.371149078574108,
  "source": "validation",
  "mae": 0.0004003690555691719,
  "mse": 1.9994843079330915e-07,
  "n": 2
}