{
  "log10_loss": -0.07576862176729822,
  "source": "test",
  "mae": 0.0778621417703107,
  "mse": 0.00804892561162116,
  "n": 2
}