{
  "log10_loss": -1.3034048425017788,
  "source": "test",
  "mae": 0.04972733184695244,
  "mse": 0.0028832259122282267,
  "n": 3
}