{
  "log10_loss": -1.3705893156932185,
  "source": "test",
  "mae": 0.042600106447935104,
  "mse": 0.0029874977190047503,
  "n": 71
}