{
  "train_mae": 0.006490637470408366,
  "val_mae": 0.005470677099712209,
  "train_mse": 6.674512889795076e-05,
  "val_mse": 4.720004724392399e-05,
  "val_log10_loss": -2.2619589181875606
}