{
  "mae": 0.4424276569543257,
  "mse": 0.49441818491371015,
  "r2": 0.9593802183413541,
  "model_type": "XGBRegressor",
  "features": 10,
  "training_samples": 1000,
  "timestamp": "2025-11-21T17:20:01.698288+00:00"
}