{
  "log10_loss": -2.291927923261901,
  "source": "test",
  "mae": 0.005105897318571806,
  "mse": 4.2981224396498874e-05,
  "n": 3
}