{
  "log10_loss": -1.3713310162250831,
  "source": "test",
  "mae": 0.04252741485834122,
  "mse": 0.0029752987902611494,
  "n": 71
}