{
  "log10_loss": -1.3710861640369651,
  "source": "test",
  "mae": 0.042551398277282715,
  "mse": 0.0029764671344310045,
  "n": 71
}